Ano;Trimestre;Categoria;Tipo;Instituição financeira;Irregularidade;Quantidade de reclamações procedentes
2026;2º;Top 15 - Bancos, Financeiras e Instituições de Pagamento;Conglomerado;99PAY IP (conglomerado);Abertura de conta de pagamento sem documentação necessária ou com documentação falsa - instituição de pagamento;32
2026;2º;Top 15 - Bancos, Financeiras e Instituições de Pagamento;Conglomerado;99PAY IP (conglomerado);Bloqueio de valores ou de conta fora do âmbito do Pix - instituição de pagamento;2
2026;2º;Top 15 - Bancos, Financeiras e Instituições de Pagamento;Conglomerado;99PAY IP (conglomerado);Cadastro positivo envolvendo instituição de pagamento;0
2026;2º;Top 15 - Bancos, Financeiras e Instituições de Pagamento;Conglomerado;99PAY IP (conglomerado);Cobranças diversas de IPs;0
2026;2º;Top 15 - Bancos, Financeiras e Instituições de Pagamento;Conglomerado;99PAY IP (conglomerado);Descumprimento de prazo de resposta da reclamação registrada no BCB - instituição de pagamento;2
2026;2º;Top 15 - Bancos, Financeiras e Instituições de Pagamento;Conglomerado;99PAY IP (conglomerado);Débito em conta de pagamento pré-paga não autorizado pelo cliente, ou não cumprimento das regras aplicáveis - instituição de pagamento;0
2026;2º;Top 15 - Bancos, Financeiras e Instituições de Pagamento;Conglomerado;99PAY IP (conglomerado);Falta de transparência na redação de documentos - instituição de pagamento;2
2026;2º;Top 15 - Bancos, Financeiras e Instituições de Pagamento;Conglomerado;99PAY IP (conglomerado);Inclusão de dados incorretos no CCS (Cadastro de Clientes do Sistema Financeiro Nacional) - instituição de pagamento;10
2026;2º;Top 15 - Bancos, Financeiras e Instituições de Pagamento;Conglomerado;99PAY IP (conglomerado);Insatisfação com a resposta referente à reclamação registrada no BCB recebida - instituição de pagamento;2
2026;2º;Top 15 - Bancos, Financeiras e Instituições de Pagamento;Conglomerado;99PAY IP (conglomerado);Insatisfação com o atendimento prestado pelo SAC ou Central de Relacionamento - instituição de pagamento;10
2026;2º;Top 15 - Bancos, Financeiras e Instituições de Pagamento;Conglomerado;99PAY IP (conglomerado);Irregularidade na portabilidade salarial para contas de pagamento pré-pagas - instituição de pagamento;0
2026;2º;Top 15 - Bancos, Financeiras e Instituições de Pagamento;Conglomerado;99PAY IP (conglomerado);Irregularidades no processo de encerramento de conta de pagamento - instituição de pagamento;12
2026;2º;Top 15 - Bancos, Financeiras e Instituições de Pagamento;Conglomerado;99PAY IP (conglomerado);Irregularidades relacionadas a boletos de pagamento (exceto ausência de contrato com beneficiário) para IPs;0
2026;2º;Top 15 - Bancos, Financeiras e Instituições de Pagamento;Conglomerado;99PAY IP (conglomerado);Irregularidades relacionadas a informações e liquidação de valores a receber no sistema SVR do BCB - instituições de pagamento;0
2026;2º;Top 15 - Bancos, Financeiras e Instituições de Pagamento;Conglomerado;99PAY IP (conglomerado);Irregularidades relacionadas ao acompanhamento de conta de pagamento - instituição de pagamento;20
2026;2º;Top 15 - Bancos, Financeiras e Instituições de Pagamento;Conglomerado;99PAY IP (conglomerado);Irregularidades relacionadas ao fornecimento de documentos por conta de pagamentos pós-paga - instituição de pagamento;0
2026;2º;Top 15 - Bancos, Financeiras e Instituições de Pagamento;Conglomerado;99PAY IP (conglomerado);Irregularidades relacionadas ao fornecimento de documentos por conta de pagamentos pré-paga - instituição de pagamento;2
2026;2º;Top 15 - Bancos, Financeiras e Instituições de Pagamento;Conglomerado;99PAY IP (conglomerado);Irregularidades relacionadas ao Sistema de Informações de Crédito do Banco Central (SCR) - instituição de pagamento;0
2026;2º;Top 15 - Bancos, Financeiras e Instituições de Pagamento;Conglomerado;99PAY IP (conglomerado);Irregularidades relacionadas à liquidação de documentos (exceto cheques) - instituição de pagamento;0
2026;2º;Top 15 - Bancos, Financeiras e Instituições de Pagamento;Conglomerado;99PAY IP (conglomerado);Irregularidades relativas a integridade, confiabilidade, segurança, sigilo ou legitimidade das operações e serviços prestados relacionados a conta de pagamento pós-paga - instituição de pagamento;7
2026;2º;Top 15 - Bancos, Financeiras e Instituições de Pagamento;Conglomerado;99PAY IP (conglomerado);Irregularidades relativas a integridade, confiabilidade, segurança, sigilo ou legitimidade das operações e serviços prestados relacionados a conta de pagamento pré-paga - instituição de pagamento;20
2026;2º;Top 15 - Bancos, Financeiras e Instituições de Pagamento;Conglomerado;99PAY IP (conglomerado);Limites de transação - instituição de pagamento;0
2026;2º;Top 15 - Bancos, Financeiras e Instituições de Pagamento;Conglomerado;99PAY IP (conglomerado);Oferta ou prestação de informação a respeito de produtos e serviços de forma inadequada para conta de pagamento pós-paga - instituição de pagamento;0
2026;2º;Top 15 - Bancos, Financeiras e Instituições de Pagamento;Conglomerado;99PAY IP (conglomerado);Oferta ou prestação de informação a respeito de produtos e serviços de forma inadequada para conta de pagamento pré-paga - instituição de pagamento;5
2026;2º;Top 15 - Bancos, Financeiras e Instituições de Pagamento;Conglomerado;99PAY IP (conglomerado);Outras irregularidades - instituição de pagamento;0
2026;2º;Top 15 - Bancos, Financeiras e Instituições de Pagamento;Conglomerado;99PAY IP (conglomerado);Outros assuntos não regulados relacionados a cartão de crédito - instituição de pagamento;0
2026;2º;Top 15 - Bancos, Financeiras e Instituições de Pagamento;Conglomerado;99PAY IP (conglomerado);Pix - Bloqueio ou devolução irregular de valores - instituição de pagamento;2
2026;2º;Top 15 - Bancos, Financeiras e Instituições de Pagamento;Conglomerado;99PAY IP (conglomerado);Pix - Dificuldade para solicitar ou realizar devolução - instituição de pagamento;20
2026;2º;Top 15 - Bancos, Financeiras e Instituições de Pagamento;Conglomerado;99PAY IP (conglomerado);Pix - liquidação - instituição de pagamento;2
2026;2º;Top 15 - Bancos, Financeiras e Instituições de Pagamento;Conglomerado;99PAY IP (conglomerado);Pix - outros - instituição de pagamento;0
2026;2º;Top 15 - Bancos, Financeiras e Instituições de Pagamento;Conglomerado;99PAY IP (conglomerado);PIX - Chaves - instituição de pagamento;10
2026;2º;Top 15 - Bancos, Financeiras e Instituições de Pagamento;Conglomerado;99PAY IP (conglomerado);PIX - Diversos - instituição de pagamento;0
2026;2º;Top 15 - Bancos, Financeiras e Instituições de Pagamento;Conglomerado;99PAY IP (conglomerado);PIX - Iniciação - instituição de pagamento;0
2026;2º;Top 15 - Bancos, Financeiras e Instituições de Pagamento;Conglomerado;99PAY IP (conglomerado);Reclamações relacionadas a assuntos diversos envolvendo - instituição de pagamento;0
2026;2º;Top 15 - Bancos, Financeiras e Instituições de Pagamento;Conglomerado;99PAY IP (conglomerado);Recusa de produtos ou serviços - instituição de pagamento;0
2026;2º;Top 15 - Bancos, Financeiras e Instituições de Pagamento;Conglomerado;99PAY IP (conglomerado);Renegociação de dívida em instituição de pagamento;0
2026;2º;Top 15 - Bancos, Financeiras e Instituições de Pagamento;Conglomerado;99PAY IP (conglomerado);Restrições cadastrais por parte - instituição de pagamento;0
2026;2º;Top 15 - Bancos, Financeiras e Instituições de Pagamento;Conglomerado;99PAY IP (conglomerado);Terminais eletrônicos, internet e aplicativos - instituição de pagamento;0
2026;2º;Top 15 - Bancos, Financeiras e Instituições de Pagamento;Conglomerado;99PAY IP (conglomerado);Transações não reconhecidas pelo titular da conta, realizadas por terceiros (invasão de conta) - instituição de pagamento;5
2026;2º;Top 15 - Bancos, Financeiras e Instituições de Pagamento;Conglomerado;BRADESCO (conglomerado);Abertura de conta de depósito com documentação ausente, insuficiente ou falsa;114
2026;2º;Top 15 - Bancos, Financeiras e Instituições de Pagamento;Conglomerado;BRADESCO (conglomerado);Abertura de conta de pagamento sem documentação necessária ou com documentação falsa - instituição de pagamento;19
2026;2º;Top 15 - Bancos, Financeiras e Instituições de Pagamento;Conglomerado;BRADESCO (conglomerado);Ausência de título adequado relativo a cartão de crédito;57
2026;2º;Top 15 - Bancos, Financeiras e Instituições de Pagamento;Conglomerado;BRADESCO (conglomerado);Bloqueio de valores ou de conta fora do âmbito do Pix;114
2026;2º;Top 15 - Bancos, Financeiras e Instituições de Pagamento;Conglomerado;BRADESCO (conglomerado);Cadastro positivo envolvendo instituição financeira;0
2026;2º;Top 15 - Bancos, Financeiras e Instituições de Pagamento;Conglomerado;BRADESCO (conglomerado);Cancelamento de contrato a pedido do cliente não atendido por instituição financeira;76
2026;2º;Top 15 - Bancos, Financeiras e Instituições de Pagamento;Conglomerado;BRADESCO (conglomerado);Cancelamento de contrato por iniciativa da instituição financeira;0
2026;2º;Top 15 - Bancos, Financeiras e Instituições de Pagamento;Conglomerado;BRADESCO (conglomerado);Cobrança irregular de tarifa em operação de crédito;0
2026;2º;Top 15 - Bancos, Financeiras e Instituições de Pagamento;Conglomerado;BRADESCO (conglomerado);Cobrança irregular de tarifa relacionada a conta ou serviços acessórios à conta;57
2026;2º;Top 15 - Bancos, Financeiras e Instituições de Pagamento;Conglomerado;BRADESCO (conglomerado);Cobrança irregular de tarifa relacionada ao cartão de crédito;76
2026;2º;Top 15 - Bancos, Financeiras e Instituições de Pagamento;Conglomerado;BRADESCO (conglomerado);Cobranças diversas;0
2026;2º;Top 15 - Bancos, Financeiras e Instituições de Pagamento;Conglomerado;BRADESCO (conglomerado);Concessão de crédito (exceto consignado) sem a formalização do título adequado;227
2026;2º;Top 15 - Bancos, Financeiras e Instituições de Pagamento;Conglomerado;BRADESCO (conglomerado);Concessão de crédito consignado sem a formalização do título adequado;38
2026;2º;Top 15 - Bancos, Financeiras e Instituições de Pagamento;Conglomerado;BRADESCO (conglomerado);Descumprimento de ordem judicial;0
2026;2º;Top 15 - Bancos, Financeiras e Instituições de Pagamento;Conglomerado;BRADESCO (conglomerado);Descumprimento de prazo de resposta da reclamação registrada no BCB;19
2026;2º;Top 15 - Bancos, Financeiras e Instituições de Pagamento;Conglomerado;BRADESCO (conglomerado);Débito em conta de pagamento pré-paga não autorizado pelo cliente, ou não cumprimento das regras aplicáveis;19
2026;2º;Top 15 - Bancos, Financeiras e Instituições de Pagamento;Conglomerado;BRADESCO (conglomerado);Débito em conta não autorizado pelo cliente, ou não cumprimento das regras aplicáveis;379
2026;2º;Top 15 - Bancos, Financeiras e Instituições de Pagamento;Conglomerado;BRADESCO (conglomerado);Débito em conta-salário não autorizado pelo cliente, ou não cumprimento das regras aplicáveis;19
2026;2º;Top 15 - Bancos, Financeiras e Instituições de Pagamento;Conglomerado;BRADESCO (conglomerado);Dificuldade na liberação ou substituição de bem;0
2026;2º;Top 15 - Bancos, Financeiras e Instituições de Pagamento;Conglomerado;BRADESCO (conglomerado);Dificuldade para efetuar resgate antecipado de aplicação;0
2026;2º;Top 15 - Bancos, Financeiras e Instituições de Pagamento;Conglomerado;BRADESCO (conglomerado);Encaminhamento de instrumentos de pagamento não solicitados;19
2026;2º;Top 15 - Bancos, Financeiras e Instituições de Pagamento;Conglomerado;BRADESCO (conglomerado);Falta de transparência na redação de documentos;19
2026;2º;Top 15 - Bancos, Financeiras e Instituições de Pagamento;Conglomerado;BRADESCO (conglomerado);Golpe;0
2026;2º;Top 15 - Bancos, Financeiras e Instituições de Pagamento;Conglomerado;BRADESCO (conglomerado);Inclusão de dados incorretos no CCS (Cadastro de Clientes do Sistema Financeiro Nacional);0
2026;2º;Top 15 - Bancos, Financeiras e Instituições de Pagamento;Conglomerado;BRADESCO (conglomerado);Insatisfação com a resposta recebida da instituição financeira referente à reclamação registrada no BCB;114
2026;2º;Top 15 - Bancos, Financeiras e Instituições de Pagamento;Conglomerado;BRADESCO (conglomerado);Insatisfação com o atendimento prestado pelo SAC ou Central de Relacionamento;568
2026;2º;Top 15 - Bancos, Financeiras e Instituições de Pagamento;Conglomerado;BRADESCO (conglomerado);Insatisfação com o atendimento prestado pelo SAC ou Central de Relacionamento - instituição de pagamento;19
2026;2º;Top 15 - Bancos, Financeiras e Instituições de Pagamento;Conglomerado;BRADESCO (conglomerado);Integridade, confiabilidade, segurança, sigilo e legitimidade das operações e serviços  - conta de pagamento pré-paga;19
2026;2º;Top 15 - Bancos, Financeiras e Instituições de Pagamento;Conglomerado;BRADESCO (conglomerado);Irregularidades envolvendo a abertura de conta-salário;0
2026;2º;Top 15 - Bancos, Financeiras e Instituições de Pagamento;Conglomerado;BRADESCO (conglomerado);Irregularidades no processo de encerramento de conta de depósitos à vista;284
2026;2º;Top 15 - Bancos, Financeiras e Instituições de Pagamento;Conglomerado;BRADESCO (conglomerado);Irregularidades no processo de encerramento de conta de pagamento;19
2026;2º;Top 15 - Bancos, Financeiras e Instituições de Pagamento;Conglomerado;BRADESCO (conglomerado);Irregularidades no processo de encerramento de conta de pagamento - instituição de pagamento;0
2026;2º;Top 15 - Bancos, Financeiras e Instituições de Pagamento;Conglomerado;BRADESCO (conglomerado);Irregularidades relacionadas a boletos de pagamento (exceto ausência de contrato com beneficiário);0
2026;2º;Top 15 - Bancos, Financeiras e Instituições de Pagamento;Conglomerado;BRADESCO (conglomerado);Irregularidades relacionadas a informações e liquidação de valores a receber no sistema SVR do BCB - instituições de pagamento;0
2026;2º;Top 15 - Bancos, Financeiras e Instituições de Pagamento;Conglomerado;BRADESCO (conglomerado);Irregularidades relacionadas a informações e liquidação de valores a receber no sistema SVR do BCB por parte de instituições financeiras;0
2026;2º;Top 15 - Bancos, Financeiras e Instituições de Pagamento;Conglomerado;BRADESCO (conglomerado);Irregularidades relacionadas a registros no Cadastro de Emitentes de Cheques sem Fundos (CCF);0
2026;2º;Top 15 - Bancos, Financeiras e Instituições de Pagamento;Conglomerado;BRADESCO (conglomerado);Irregularidades relacionadas ao acompanhamento de conta;170
2026;2º;Top 15 - Bancos, Financeiras e Instituições de Pagamento;Conglomerado;BRADESCO (conglomerado);Irregularidades relacionadas ao acompanhamento de conta de pagamento;0
2026;2º;Top 15 - Bancos, Financeiras e Instituições de Pagamento;Conglomerado;BRADESCO (conglomerado);Irregularidades relacionadas ao acompanhamento de conta de pagamento - instituição de pagamento;0
2026;2º;Top 15 - Bancos, Financeiras e Instituições de Pagamento;Conglomerado;BRADESCO (conglomerado);Irregularidades relacionadas ao fornecimento de documento para liquidação antecipada de operações de crédito;57
2026;2º;Top 15 - Bancos, Financeiras e Instituições de Pagamento;Conglomerado;BRADESCO (conglomerado);Irregularidades relacionadas ao fornecimento de documentos relativos a cartão de crédito;189
2026;2º;Top 15 - Bancos, Financeiras e Instituições de Pagamento;Conglomerado;BRADESCO (conglomerado);Irregularidades relacionadas ao fornecimento de documentos relativos a conta;0
2026;2º;Top 15 - Bancos, Financeiras e Instituições de Pagamento;Conglomerado;BRADESCO (conglomerado);Irregularidades relacionadas ao fornecimento de documentos relativos a operação de crédito, exceto para liquidação antecipada e descritivo do crédito.;227
2026;2º;Top 15 - Bancos, Financeiras e Instituições de Pagamento;Conglomerado;BRADESCO (conglomerado);Irregularidades relacionadas ao fornecimento de informações relativas a operação de crédito contratada (DDC);303
2026;2º;Top 15 - Bancos, Financeiras e Instituições de Pagamento;Conglomerado;BRADESCO (conglomerado);Irregularidades relacionadas ao fornecimento de outros documentos, exceto os relativos a cartão de crédito, conta e operação de crédito;38
2026;2º;Top 15 - Bancos, Financeiras e Instituições de Pagamento;Conglomerado;BRADESCO (conglomerado);Irregularidades relacionadas ao Sistema de Informações de Crédito do Banco Central (SCR);114
2026;2º;Top 15 - Bancos, Financeiras e Instituições de Pagamento;Conglomerado;BRADESCO (conglomerado);Irregularidades relacionadas à liquidação de documentos (exceto cheques);19
2026;2º;Top 15 - Bancos, Financeiras e Instituições de Pagamento;Conglomerado;BRADESCO (conglomerado);Irregularidades relativas a integridade, confiabilidade, segurança, sigilo ou legitimidade das operações e serviços disponibilizados em ATM;38
2026;2º;Top 15 - Bancos, Financeiras e Instituições de Pagamento;Conglomerado;BRADESCO (conglomerado);Irregularidades relativas a integridade, confiabilidade, segurança, sigilo ou legitimidade das operações e serviços disponibilizados em internet banking;625
2026;2º;Top 15 - Bancos, Financeiras e Instituições de Pagamento;Conglomerado;BRADESCO (conglomerado);Irregularidades relativas a integridade, confiabilidade, segurança, sigilo ou legitimidade das operações e serviços relacionados a cartões de crédito;1364
2026;2º;Top 15 - Bancos, Financeiras e Instituições de Pagamento;Conglomerado;BRADESCO (conglomerado);Irregularidades relativas a integridade, confiabilidade, segurança, sigilo ou legitimidade das operações e serviços relacionados a cartões de débito;19
2026;2º;Top 15 - Bancos, Financeiras e Instituições de Pagamento;Conglomerado;BRADESCO (conglomerado);Irregularidades relativas a integridade, confiabilidade, segurança, sigilo ou legitimidade das operações e serviços, exceto as relacionadas a cartão de crédito, cartão de débito, internet banking, ATM, credenciadora e operação de crédito;189
2026;2º;Top 15 - Bancos, Financeiras e Instituições de Pagamento;Conglomerado;BRADESCO (conglomerado);Irregularidades relativas a integridade, confiabilidade, segurança, sigilo ou legitimidade dos serviços relacionados a operações de crédito consignado;492
2026;2º;Top 15 - Bancos, Financeiras e Instituições de Pagamento;Conglomerado;BRADESCO (conglomerado);Irregularidades relativas a integridade, confiabilidade, segurança, sigilo ou legitimidade dos serviços relacionados a operações de crédito, exceto consignado;1136
2026;2º;Top 15 - Bancos, Financeiras e Instituições de Pagamento;Conglomerado;BRADESCO (conglomerado);Irregularidades relativas a operações de crédito de saldo devedor de fatura de cartão de crédito (rotativo e parcelamento) e respectiva cobrança de encargos;265
2026;2º;Top 15 - Bancos, Financeiras e Instituições de Pagamento;Conglomerado;BRADESCO (conglomerado);Irregularidades relativas a telemarketing, SMS ou Whatsapp com oferta de produtos e serviços;0
2026;2º;Top 15 - Bancos, Financeiras e Instituições de Pagamento;Conglomerado;BRADESCO (conglomerado);Juros e preços;0
2026;2º;Top 15 - Bancos, Financeiras e Instituições de Pagamento;Conglomerado;BRADESCO (conglomerado);Limites de transação;38
2026;2º;Top 15 - Bancos, Financeiras e Instituições de Pagamento;Conglomerado;BRADESCO (conglomerado);Não acatamento de solicitação de cancelamento de débitos automáticos em conta de pagamento pré-paga, ou não cumprimento das regras aplicáveis;38
2026;2º;Top 15 - Bancos, Financeiras e Instituições de Pagamento;Conglomerado;BRADESCO (conglomerado);Não acatamento de solicitação de cancelamento de débitos automáticos em conta ou não cumprimento das regras aplicáveis;95
2026;2º;Top 15 - Bancos, Financeiras e Instituições de Pagamento;Conglomerado;BRADESCO (conglomerado);Oferta ou prestação de informação sobre a conta ou serviços acessórios de forma inadequada ;114
2026;2º;Top 15 - Bancos, Financeiras e Instituições de Pagamento;Conglomerado;BRADESCO (conglomerado);Oferta ou prestação de informação sobre crédito consignado de forma inadequada;379
2026;2º;Top 15 - Bancos, Financeiras e Instituições de Pagamento;Conglomerado;BRADESCO (conglomerado);Oferta ou prestação de informação sobre o cartão de crédito de forma inadequada ;227
2026;2º;Top 15 - Bancos, Financeiras e Instituições de Pagamento;Conglomerado;BRADESCO (conglomerado);Oferta ou prestação de informação sobre operação de crédito de forma inadequada, exceto crédito consignado;152
2026;2º;Top 15 - Bancos, Financeiras e Instituições de Pagamento;Conglomerado;BRADESCO (conglomerado);Oferta ou prestação de informação sobre produtos e serviços de forma inadequada, exceto as relacionadas a cartão de crédito, conta e serviços acessórios, credenciadora de cartão e operação de crédito;246
2026;2º;Top 15 - Bancos, Financeiras e Instituições de Pagamento;Conglomerado;BRADESCO (conglomerado);Outras irregularidades ;0
2026;2º;Top 15 - Bancos, Financeiras e Instituições de Pagamento;Conglomerado;BRADESCO (conglomerado);Outras irregularidades relacionadas a cartões de crédito;0
2026;2º;Top 15 - Bancos, Financeiras e Instituições de Pagamento;Conglomerado;BRADESCO (conglomerado);Outros assuntos não regulados relacionados a cartão de crédito;0
2026;2º;Top 15 - Bancos, Financeiras e Instituições de Pagamento;Conglomerado;BRADESCO (conglomerado);Pix  - chaves;19
2026;2º;Top 15 - Bancos, Financeiras e Instituições de Pagamento;Conglomerado;BRADESCO (conglomerado);Pix - Bloqueio ou devolução de valores;19
2026;2º;Top 15 - Bancos, Financeiras e Instituições de Pagamento;Conglomerado;BRADESCO (conglomerado);Pix - diversos;0
2026;2º;Top 15 - Bancos, Financeiras e Instituições de Pagamento;Conglomerado;BRADESCO (conglomerado);Pix - Dificuldade para solicitar ou realizar devolução;19
2026;2º;Top 15 - Bancos, Financeiras e Instituições de Pagamento;Conglomerado;BRADESCO (conglomerado);Pix - experiência do usuário;0
2026;2º;Top 15 - Bancos, Financeiras e Instituições de Pagamento;Conglomerado;BRADESCO (conglomerado);Pix - iniciação;76
2026;2º;Top 15 - Bancos, Financeiras e Instituições de Pagamento;Conglomerado;BRADESCO (conglomerado);Pix - liquidação;57
2026;2º;Top 15 - Bancos, Financeiras e Instituições de Pagamento;Conglomerado;BRADESCO (conglomerado);Pix - liquidação - instituição de pagamento;0
2026;2º;Top 15 - Bancos, Financeiras e Instituições de Pagamento;Conglomerado;BRADESCO (conglomerado);Pix - outros;0
2026;2º;Top 15 - Bancos, Financeiras e Instituições de Pagamento;Conglomerado;BRADESCO (conglomerado);Pix Automático;19
2026;2º;Top 15 - Bancos, Financeiras e Instituições de Pagamento;Conglomerado;BRADESCO (conglomerado);Prestação de serviço de forma irregular em conta-salário;38
2026;2º;Top 15 - Bancos, Financeiras e Instituições de Pagamento;Conglomerado;BRADESCO (conglomerado);Reclamações relacionadas a assuntos diversos;0
2026;2º;Top 15 - Bancos, Financeiras e Instituições de Pagamento;Conglomerado;BRADESCO (conglomerado);Recusa de cancelamento de pacote de serviços;57
2026;2º;Top 15 - Bancos, Financeiras e Instituições de Pagamento;Conglomerado;BRADESCO (conglomerado);Recusa de produtos ou serviços;0
2026;2º;Top 15 - Bancos, Financeiras e Instituições de Pagamento;Conglomerado;BRADESCO (conglomerado);Renegociação de dívida (exceto cartão de crédito);0
2026;2º;Top 15 - Bancos, Financeiras e Instituições de Pagamento;Conglomerado;BRADESCO (conglomerado);Restrição à realização de portabilidade de operações de crédito consignado relativas a pessoas naturais;95
2026;2º;Top 15 - Bancos, Financeiras e Instituições de Pagamento;Conglomerado;BRADESCO (conglomerado);Restrição à realização de portabilidade de operações de financiamento imobiliário relativas a pessoas naturais;0
2026;2º;Top 15 - Bancos, Financeiras e Instituições de Pagamento;Conglomerado;BRADESCO (conglomerado);Restrições cadastrais;0
2026;2º;Top 15 - Bancos, Financeiras e Instituições de Pagamento;Conglomerado;BRADESCO (conglomerado);Restrições cadastrais por parte - instituição de pagamento;0
2026;2º;Top 15 - Bancos, Financeiras e Instituições de Pagamento;Conglomerado;BRADESCO (conglomerado);Tempo de espera em fila;0
2026;2º;Top 15 - Bancos, Financeiras e Instituições de Pagamento;Conglomerado;BRADESCO (conglomerado);Terminais eletrônicos, internet e aplicativos;0
2026;2º;Top 15 - Bancos, Financeiras e Instituições de Pagamento;Conglomerado;BRADESCO (conglomerado);Transações não reconhecidas pelo titular da conta, realizadas por terceiros (invasão de conta) em instituições financeiras;170
2026;2º;Top 15 - Bancos, Financeiras e Instituições de Pagamento;Conglomerado;BRADESCO (conglomerado);Utilização incorreta da taxa de desconto no cálculo do valor presente relacionadas às demais operações de crédito, exceto as de crédito consignado e de financiamento imobiliário;0
2026;2º;Top 15 - Bancos, Financeiras e Instituições de Pagamento;Conglomerado;BRADESCO (conglomerado);Utilização incorreta da taxa de desconto no cálculo do valor presente relacionadas às operações de crédito consignado;0
